Metric,Value
Accuracy,0.8571428571428571
Precision,0.8761904761904761
Recall,0.8571428571428571
F1 Score,0.8603174603174603
